{
  "Drowsy": {
    "precision": 0.6089988377884775,
    "recall": 0.8207652718729023,
    "f1-score": 0.6991993900114373,
    "support": 4469.0
  },
  "Non Drowsy": {
    "precision": 0.6569593147751606,
    "recall": 0.39444587297505784,
    "f1-score": 0.4929305912596401,
    "support": 3889.0
  },
  "accuracy": 0.6223977027997128,
  "macro avg": {
    "precision": 0.632979076281819,
    "recall": 0.6076055724239801,
    "f1-score": 0.5960649906355386,
    "support": 8358.0
  },
  "weighted avg": {
    "precision": 0.6313149774153273,
    "recall": 0.6223977027997128,
    "f1-score": 0.603221960202184,
    "support": 8358.0
  }
}